{
    "train": {
        "loss": 0.49776509404182434,
        "accuracy": 0.8259166479110718
    },
    "step": 0,
    "test": {
        "loss": 0.45108145475387573,
        "acc": 0.838699996471405
    }
}
