{
    "train": {
        "loss": 0.3707299828529358,
        "accuracy": 0.8674499988555908
    },
    "step": 1,
    "test": {
        "loss": 0.37853971123695374,
        "acc": 0.866100013256073
    }
}
