step	accuracy
0	0.8245166540145874
1	0.8674499988555908
