step	loss
0	0.4952470362186432
1	0.3707299828529358
