{
    "train": {
        "loss": 0.5009951591491699,
        "accuracy": 0.824150025844574
    },
    "step": 0,
    "test": {
        "loss": 0.4293234944343567,
        "acc": 0.8465999960899353
    }
}
