{
    "train": {
        "loss": 0.3093532919883728,
        "accuracy": 0.8867166638374329
    },
    "step": 3,
    "test": {
        "loss": 0.3606758415699005,
        "acc": 0.8705000281333923
    }
}
