step	accuracy
0	0.8264333605766296
1	0.864883303642273
2	0.8784000277519226
3	0.8867166638374329
