step	loss
0	0.49418506026268005
1	0.3746078312397003
2	0.33510786294937134
3	0.3093532919883728
